Month and Year,Homicide Total,Murder,Attempted / Conspiracy to Murder,Manslaughter,Driving Causing Death,Recent Sexual Offence Total,Sexual Assault,Non-Assaultive Sexual Offences,Historical Sexual Offence Total,Sexual Assault,Non-Assaultive Sexual Offences,Assault (Family) Total,Serious Assault (Family),Common Assault (Family),Assault (Non-Family) Total,Serious Assault (Non-Family),Common Assault (Non-Family),Assault Police Officer,Threatening Behaviour (Family) Total,Threatening Behaviour (Family),Possess Weapon to Cause Fear (Family),Threatening Behaviour (Non-Family) Total,Threatening Behaviour (Non-Family),Possess Weapon to Cause Fear (Non-Family),Deprivation of Liberty Total,Kidnapping / Child Stealing,Deprivation of Liberty,Robbery Total,Robbery (Business),Robbery (Non-Business),,Burglary Total,Burglary (Dwelling),Burglary (Non-Dwelling),Stealing of Motor Vehicle,Stealing Total,Stealing From Motor Vehicle (Contents or Parts),Stealing From Retail Premises (Shoplift),Stealing From Dwelling,Stealing From Other Premises or Place,Stealing as a Servant,Stealing (Not Elsewhere Classified),Property Damage Total,Criminal Damage,Damage,Arson Total,Cause Bushfire,Cause Damage by Fire,Other Fire Related Offences,,,Drug Offences Total,Drug Dealing,Drug Possession,Possession of Drug Paraphernalia,Cultivate or Manufacture Drugs,Other Drug Offences,Receiving and Possession of Stolen Property Total,Possess Stolen Property,Receiving Stolen Property,Regulated Weapons Offences,,Graffiti,Fraud & Related Offences Total,Forgery,Fraud (Credit Card),Fraud (Not Elsewhere Classified),Breach of Violence Restraint Order Total,Breach of Family Violence Restraint Order,Breach of Violence Restraint Order,Breach of Police Order,Total Selected Miscellaneous Offences
Jan-07,0,0,0,0,0,9,6,3,2,1,1,44,14,30,91,21,52,18,5,4,1,13,5,8,2,0,2,1,0,1,167,141,88,53,20,208,0,0,0,0,1,207,212,16,196,6,3,3,0,587,754,52,4,25,17,6,0,12,5,7,8,72,10,10,0,0,10,28,16,11,1,48
Feb-07,0,0,0,0,0,2,2,0,1,1,0,45,17,28,79,20,48,11,6,4,2,16,8,8,1,0,1,2,0,2,152,124,83,41,14,180,0,0,0,0,2,178,166,10,156,1,0,1,0,485,637,32,4,17,9,2,0,4,4,0,13,49,15,6,0,0,6,17,14,2,1,38
Mar-07,0,0,0,0,0,2,2,0,7,7,0,45,13,32,86,22,56,8,4,1,3,15,6,9,2,0,2,3,0,3,164,141,74,67,19,238,0,0,0,0,2,236,281,19,262,3,0,3,0,682,846,30,1,12,14,3,0,7,3,4,9,46,12,3,0,0,3,29,18,10,1,44
Apr-07,0,0,0,0,0,3,2,1,3,3,0,28,8,20,38,7,27,4,1,1,0,9,3,6,0,0,0,1,0,1,83,136,94,42,16,194,0,0,0,0,0,194,169,10,159,0,0,0,0,515,598,43,2,29,11,1,0,3,0,3,11,57,5,7,0,0,7,13,9,3,1,25
May-07,0,0,0,0,0,6,3,3,9,9,0,27,11,16,53,13,31,9,8,5,3,7,4,3,2,0,2,3,0,3,115,104,58,46,9,152,0,0,0,0,0,152,134,4,130,2,0,2,0,401,516,55,6,27,16,5,1,6,4,2,10,71,12,18,0,0,18,20,17,3,0,50
Jun-07,0,0,0,0,0,2,2,0,6,5,1,23,8,15,42,10,31,1,2,2,0,9,5,4,0,0,0,3,0,3,87,95,48,47,14,193,0,0,0,0,4,189,170,6,164,3,0,3,0,475,562,63,11,32,15,5,0,6,4,2,4,73,6,47,2,0,45,23,13,7,3,76
Jul-07,0,0,0,0,0,9,8,1,16,16,0,27,12,15,45,11,24,10,1,1,0,9,6,3,1,0,1,4,0,4,112,104,72,32,9,169,0,0,0,0,2,167,146,8,138,5,0,5,0,433,545,53,4,31,17,1,0,5,4,1,5,63,8,11,0,0,11,21,10,5,6,40
Aug-07,0,0,0,0,0,5,2,3,57,57,0,20,10,10,61,12,37,12,1,1,0,13,7,6,1,0,1,3,0,3,161,118,90,28,13,169,0,0,0,0,0,169,180,13,167,1,0,1,0,481,642,47,1,31,12,2,1,6,3,3,7,60,7,30,0,0,30,21,7,10,4,58
Sep-07,0,0,0,0,0,5,5,0,8,8,0,31,9,22,36,9,23,4,2,1,1,10,5,5,0,0,0,3,0,3,95,125,80,45,16,166,0,0,0,0,0,166,145,10,135,4,0,4,0,456,551,85,6,47,27,5,0,4,2,2,5,94,16,4,1,0,3,29,21,5,3,49
Oct-07,0,0,0,0,0,4,3,1,2,2,0,48,12,36,68,22,40,6,6,5,1,6,2,4,4,0,4,2,2,0,140,143,86,57,20,208,0,0,0,0,1,207,173,17,156,4,0,4,0,548,688,49,3,25,13,8,0,3,1,2,7,59,9,9,0,0,9,17,11,4,2,35
Nov-07,0,0,0,0,0,3,2,1,5,5,0,30,5,25,66,18,37,11,4,1,3,6,1,5,1,0,1,3,1,2,118,117,70,47,12,176,0,0,0,0,3,173,183,10,173,2,0,2,0,490,608,34,2,18,12,2,0,3,3,0,13,50,20,8,0,0,8,59,48,6,5,87
Dec-07,1,1,0,0,0,9,9,0,0,0,0,38,17,21,48,17,25,6,3,2,1,6,2,4,1,0,1,1,1,0,107,121,73,48,23,196,0,0,0,0,1,195,196,10,186,2,1,1,0,538,645,48,0,30,13,5,0,3,2,1,8,59,9,17,0,0,17,25,10,6,9,51
Jan-08,0,0,0,0,0,15,13,2,2,2,0,54,22,32,60,17,38,5,7,3,4,8,3,5,0,0,0,0,0,0,146,149,104,45,27,188,0,0,0,0,2,186,223,22,201,6,1,5,0,593,739,43,6,19,17,1,0,3,1,2,8,54,19,2,0,0,2,20,12,7,1,41
Feb-08,0,0,0,0,0,3,3,0,1,1,0,31,6,25,43,8,31,4,2,2,0,12,6,6,2,2,0,8,2,6,102,181,131,50,23,202,0,0,0,0,2,200,189,24,165,6,0,6,0,601,703,48,4,25,19,0,0,11,5,6,11,70,7,10,0,0,10,22,8,10,4,39
Mar-08,0,0,0,0,0,18,16,2,9,9,0,29,8,21,70,21,42,7,5,4,1,8,2,6,1,0,1,4,1,3,144,122,78,44,24,218,0,0,0,0,4,214,179,16,163,2,0,2,0,545,689,182,53,64,41,8,16,19,11,8,4,205,5,7,0,0,7,21,7,13,1,33
Apr-08,0,0,0,0,0,5,5,0,0,0,0,35,14,21,48,13,34,1,2,1,1,8,6,2,0,0,0,4,2,2,102,141,89,52,20,228,0,0,0,0,3,225,157,14,143,0,0,0,0,546,648,52,10,24,14,4,0,6,4,2,8,66,5,7,0,0,7,22,14,6,2,34
May-08,2,0,0,0,2,1,1,0,3,3,0,36,16,20,56,15,30,11,5,2,3,7,3,4,1,0,1,3,0,3,114,94,60,34,15,241,0,0,0,0,1,240,145,8,137,3,1,2,0,498,612,66,12,33,18,3,0,7,4,3,4,77,12,2,0,0,2,16,4,10,2,30
Jun-08,0,0,0,0,0,7,4,3,12,12,0,40,15,25,56,15,31,10,5,4,1,3,1,2,1,0,1,1,0,1,125,133,110,23,8,189,0,0,0,0,1,188,144,4,140,3,0,3,0,477,602,54,6,31,16,1,0,9,7,2,9,72,11,17,1,0,16,17,8,7,2,45
Jul-08,1,1,0,0,0,6,5,1,1,1,0,36,14,22,67,15,36,16,1,1,0,5,2,3,2,2,0,3,0,3,122,95,69,26,17,184,0,0,0,0,1,183,157,9,148,1,0,1,0,454,576,89,9,43,30,6,1,8,5,3,9,106,7,6,0,0,6,30,19,6,5,43
Aug-08,0,0,0,0,0,7,5,2,1,1,0,30,12,18,54,15,32,7,4,4,0,14,2,12,2,0,2,1,0,1,113,75,46,29,13,183,0,0,0,0,0,183,130,6,124,3,0,3,0,404,517,80,5,44,28,3,0,4,3,1,8,92,4,6,0,0,6,16,6,6,4,26
Sep-08,0,0,0,0,0,7,6,1,12,12,0,33,20,13,48,18,29,1,1,1,0,7,1,6,0,0,0,7,0,7,115,115,65,50,22,222,0,0,0,0,0,222,197,16,181,5,0,5,0,561,676,76,9,36,23,3,5,2,2,0,10,88,5,11,0,0,11,21,11,6,4,37
Oct-08,0,0,0,0,0,9,9,0,3,3,0,36,11,25,58,17,29,12,0,0,0,14,13,1,2,0,2,2,1,1,124,107,64,43,25,258,0,0,0,0,1,257,210,5,205,8,3,5,0,608,732,53,1,26,23,3,0,1,0,1,7,61,5,43,1,0,42,17,2,14,1,65
Nov-08,2,1,1,0,0,2,2,0,10,10,0,27,12,15,47,12,29,6,3,2,1,8,4,4,2,0,2,3,0,3,104,118,80,38,22,220,0,0,0,0,0,220,190,17,173,4,1,3,0,554,658,68,3,40,22,3,0,6,2,4,8,82,4,8,0,0,8,30,16,8,6,42
Dec-08,0,0,0,0,0,15,15,0,0,0,0,33,13,20,54,17,29,8,4,2,2,14,7,7,2,0,2,4,0,4,126,73,53,20,16,162,0,0,0,0,0,162,139,8,131,7,3,4,0,397,523,73,15,39,16,3,0,4,2,2,11,88,14,50,0,0,50,25,10,8,7,89
Jan-09,0,0,0,0,0,8,3,5,25,25,0,36,16,20,67,18,28,21,4,4,0,3,2,1,2,0,2,1,0,1,146,95,62,33,17,209,0,0,0,0,1,208,214,14,200,10,1,9,0,545,691,35,2,18,12,3,0,2,1,1,6,43,16,4,0,0,4,39,26,9,4,59
Feb-09,1,1,0,0,0,4,4,0,2,2,0,47,16,31,51,8,31,12,2,1,1,8,4,4,0,0,0,1,1,0,116,86,55,31,6,169,0,0,0,0,2,167,156,12,144,3,0,3,0,420,536,69,6,30,28,5,0,10,3,7,7,86,5,3,1,0,2,25,14,4,7,33
Mar-09,0,0,0,0,0,4,4,0,4,4,0,39,14,25,50,16,30,4,3,1,2,7,5,2,1,1,0,3,0,3,111,111,48,63,16,187,0,0,0,0,1,186,176,15,161,2,0,2,0,492,603,58,4,25,22,7,0,3,0,3,13,74,9,7,0,0,7,38,26,5,7,54
Apr-09,0,0,0,0,0,7,2,5,3,3,0,45,21,24,57,17,35,5,5,2,3,9,6,3,0,0,0,2,1,1,128,89,46,43,14,208,0,0,0,0,1,207,145,12,133,1,0,1,0,457,585,83,8,41,29,5,0,13,2,11,6,102,11,16,1,0,15,26,14,3,9,53
May-09,0,0,0,0,0,4,4,0,5,5,0,22,11,11,59,22,28,9,3,3,0,21,8,13,2,0,2,4,0,4,120,85,53,32,13,160,0,0,0,0,4,156,129,14,115,3,1,2,0,390,510,90,3,54,27,5,1,3,2,1,16,109,1,4,0,0,4,18,9,8,1,23
Jun-09,1,0,0,0,1,9,9,0,19,15,4,26,14,12,40,8,23,9,4,4,0,11,7,4,0,0,0,1,0,1,111,106,75,31,19,193,0,0,0,0,3,190,162,16,146,3,0,3,0,483,594,75,5,41,26,3,0,6,3,3,11,92,4,5,2,0,3,18,8,4,6,27
Jul-09,0,0,0,0,0,9,6,3,13,13,0,23,12,11,52,22,24,6,2,1,1,7,3,4,2,0,2,3,1,2,111,93,57,36,23,207,0,0,0,0,1,206,153,10,143,1,0,1,0,477,588,154,54,41,39,4,16,6,6,0,11,171,7,13,0,0,13,20,13,3,4,40
Aug-09,0,0,0,0,0,11,6,5,5,5,0,28,11,17,62,14,33,15,2,2,0,9,5,4,0,0,0,4,1,3,121,91,53,38,21,175,0,0,0,0,3,172,120,9,111,2,0,2,0,409,530,88,17,40,20,8,3,8,6,2,13,109,13,58,0,0,58,40,29,6,5,111
Sep-09,0,0,0,0,0,13,11,2,19,18,1,29,10,19,47,15,30,2,6,4,2,15,7,8,2,1,1,3,1,2,134,107,62,45,13,178,0,0,0,0,1,177,142,8,134,6,0,6,0,446,580,103,9,51,34,7,2,3,2,1,8,114,8,1,0,0,1,26,13,10,3,35
Oct-09,1,0,0,0,1,7,4,3,3,3,0,37,14,23,49,18,23,8,6,5,1,14,9,5,0,0,0,6,2,4,123,120,80,40,18,226,0,0,0,0,0,226,154,7,147,2,0,2,0,520,643,90,12,35,33,10,0,11,5,6,13,114,7,6,0,0,6,51,37,6,8,64
Nov-09,0,0,0,0,0,9,8,1,16,16,0,35,14,21,66,30,30,6,5,4,1,16,9,7,1,0,1,6,0,6,154,127,76,51,25,197,0,0,0,0,2,195,168,17,151,4,1,3,0,521,675,123,8,55,47,11,2,20,12,8,11,154,12,3,0,0,3,46,33,8,5,61
Dec-09,2,0,0,0,2,7,7,0,5,5,0,44,17,27,66,15,39,12,6,3,3,14,11,3,1,0,1,1,0,1,146,148,101,47,27,196,0,0,0,0,4,192,150,11,139,2,1,1,0,523,669,67,17,29,16,5,0,10,4,6,10,87,11,20,0,0,20,34,18,8,8,65
Jan-10,0,0,0,0,0,18,4,14,1,1,0,36,11,25,60,19,33,8,2,1,1,15,10,5,0,0,0,3,1,2,135,151,108,43,26,194,0,0,0,0,1,193,159,15,144,2,0,2,0,532,667,74,6,34,30,3,1,13,6,7,9,96,7,4,0,0,4,20,14,2,4,31
Feb-10,0,0,0,0,0,3,2,1,7,7,0,32,15,17,65,21,35,9,6,3,3,10,9,1,0,0,0,5,1,4,128,101,67,34,13,137,0,0,0,0,2,135,154,14,140,4,1,3,0,409,537,63,7,28,24,4,0,11,10,1,12,86,10,4,1,0,3,26,17,5,4,40
Mar-10,0,0,0,0,0,4,3,1,12,12,0,34,10,24,65,18,39,8,0,0,0,15,5,10,0,0,0,2,0,2,132,87,59,28,17,186,0,0,0,0,0,186,167,21,146,5,2,3,0,462,594,98,9,45,35,7,2,14,8,6,14,126,9,2,0,0,2,69,56,12,1,80
Apr-10,0,0,0,0,0,9,7,2,5,5,0,24,6,18,35,9,21,5,2,0,2,13,10,3,0,0,0,0,0,0,88,82,53,29,26,161,0,0,0,0,0,161,136,18,118,7,1,6,0,412,500,48,4,25,17,2,0,7,1,6,1,56,10,12,0,0,12,12,3,6,3,34
May-10,0,0,0,0,0,4,4,0,1,0,1,28,12,16,69,18,47,4,3,3,0,7,5,2,2,0,2,3,1,2,117,110,78,32,19,190,0,0,0,0,0,190,134,11,123,5,0,5,0,458,575,47,10,20,13,4,0,9,3,6,12,68,4,291,0,0,291,31,18,4,9,326
Jun-10,0,0,0,0,0,48,10,38,8,8,0,25,10,15,53,12,34,7,15,8,7,14,9,5,0,0,0,4,1,3,167,63,48,15,27,172,0,0,0,0,1,171,127,8,119,4,0,4,0,393,560,73,8,28,30,6,1,6,3,3,5,84,22,1,0,0,1,16,13,1,2,39
Jul-10,0,0,0,0,0,7,6,1,8,8,0,25,11,14,40,5,29,6,2,1,1,9,6,3,1,0,1,4,2,2,96,75,62,13,11,163,0,0,0,0,1,162,115,6,109,3,0,3,0,367,463,47,5,26,14,1,1,4,3,1,5,56,4,1,0,0,1,11,5,3,3,16
Aug-10,0,0,0,0,0,8,5,3,0,0,0,27,7,20,43,13,26,4,7,3,4,7,4,3,0,0,0,2,0,2,94,67,43,24,8,157,0,0,0,0,2,155,114,6,108,2,0,2,0,348,442,78,14,27,29,7,1,15,13,2,3,96,8,7,0,0,7,20,8,7,5,35
Sep-10,0,0,0,0,0,3,1,2,3,3,0,28,9,19,47,14,26,7,1,0,1,18,9,9,1,1,0,1,0,1,102,97,71,26,18,179,0,0,0,0,5,174,121,13,108,5,1,4,0,420,522,62,5,26,26,3,2,16,14,2,10,88,3,3,1,0,2,23,14,6,3,29
Oct-10,0,0,0,0,0,2,2,0,8,7,1,34,10,24,43,13,22,8,2,1,1,5,4,1,2,0,2,3,0,3,99,109,78,31,32,157,0,0,0,0,1,156,144,13,131,0,0,0,0,442,541,103,14,50,30,6,3,10,8,2,12,125,17,3,2,0,1,27,7,14,6,47
Nov-10,0,0,0,0,0,7,3,4,3,3,0,33,18,15,45,12,31,2,6,0,6,10,4,6,0,0,0,0,0,0,104,88,67,21,21,182,0,0,0,0,0,182,133,10,123,5,0,5,0,429,533,49,4,31,12,2,0,10,4,6,4,63,7,84,0,0,84,26,5,11,10,117
Dec-10,1,1,0,0,0,10,10,0,1,1,0,44,17,27,43,14,24,5,6,2,4,11,5,6,1,0,1,4,0,4,121,79,55,24,24,189,0,0,0,0,0,189,144,14,130,4,0,4,0,440,561,70,7,42,15,5,1,7,4,3,5,82,1,2,1,0,1,20,5,7,8,23
Jan-11,0,0,0,0,0,8,4,4,4,3,1,42,19,23,47,15,24,8,4,1,3,7,4,3,1,0,1,2,0,2,115,161,107,54,28,220,0,0,0,0,2,218,150,23,127,3,1,2,0,562,677,44,6,27,9,2,0,4,4,0,18,66,18,4,0,0,4,38,16,13,9,60
Feb-11,1,1,0,0,0,6,5,1,3,3,0,20,9,11,43,17,22,4,5,3,2,8,3,5,1,0,1,2,0,2,89,125,96,29,35,204,0,0,0,0,0,204,117,20,97,6,0,6,0,487,576,35,5,12,13,4,1,4,2,2,4,43,21,16,0,0,16,17,3,9,5,54
Mar-11,1,0,0,1,0,22,22,0,0,0,0,33,18,15,77,17,48,12,0,0,0,9,5,4,0,0,0,3,1,2,145,112,92,20,22,195,0,0,0,0,1,194,145,12,133,0,0,0,0,474,619,84,23,33,25,2,1,7,6,1,6,97,14,7,0,0,7,20,7,8,5,41
Apr-11,0,0,0,0,0,20,20,0,8,8,0,32,8,24,41,12,22,7,3,3,0,14,7,7,1,0,1,2,0,2,121,92,65,27,16,179,0,0,0,0,1,178,138,14,124,6,0,6,0,431,552,83,26,32,18,6,1,7,4,3,5,95,12,2,0,0,2,37,7,22,8,51
May-11,0,0,0,0,0,2,2,0,1,1,0,20,10,10,46,19,22,5,3,0,3,10,4,6,0,0,0,2,0,2,84,126,104,22,25,168,0,0,0,0,1,167,156,15,141,4,0,4,0,479,563,94,21,49,23,1,0,11,6,5,7,112,13,2,0,0,2,19,9,6,4,34
Jun-11,0,0,0,0,0,9,7,2,7,7,0,30,11,19,46,17,25,4,1,1,0,8,6,2,0,0,0,1,0,1,102,123,89,34,15,179,0,0,0,0,2,177,125,8,117,2,0,2,0,444,546,43,9,20,12,2,0,2,1,1,5,50,6,7,0,0,7,19,12,3,4,32
Jul-11,0,0,0,0,0,2,2,0,3,2,1,25,8,17,40,14,21,5,7,6,1,7,5,2,1,0,1,2,0,2,87,103,69,34,15,144,0,0,0,0,0,144,125,12,113,2,0,2,0,389,476,68,13,35,18,2,0,2,1,1,12,82,17,0,0,0,0,18,11,2,5,35
Aug-11,1,0,0,0,1,14,12,2,0,0,0,27,9,18,51,16,31,4,3,3,0,10,7,3,0,0,0,2,0,2,108,74,57,17,9,120,0,0,0,0,0,120,98,13,85,1,0,1,0,302,410,93,11,47,28,6,1,5,4,1,9,107,7,1,0,0,1,24,8,10,6,32
Sep-11,0,0,0,0,0,6,4,2,4,4,0,24,10,14,46,17,23,6,4,1,3,10,5,5,1,0,1,2,0,2,97,67,50,17,10,145,0,0,0,0,2,143,119,10,109,10,4,6,0,351,448,82,13,36,24,8,1,3,3,0,9,94,33,7,2,0,5,18,9,2,7,58
Oct-11,0,0,0,0,0,2,2,0,12,11,1,30,14,16,48,14,25,9,0,0,0,10,5,5,0,0,0,0,0,0,102,58,44,14,7,154,0,0,0,0,0,154,121,15,106,1,0,1,0,341,443,57,4,28,21,3,1,2,1,1,7,66,17,7,1,0,6,27,11,7,9,51
Nov-11,1,0,0,0,1,8,6,2,2,2,0,26,7,19,49,22,25,2,2,2,0,16,11,5,1,1,0,3,0,3,108,76,58,18,12,160,0,0,0,0,1,159,123,12,111,2,0,2,0,373,481,77,12,38,24,2,1,7,3,4,8,92,5,6,0,0,6,32,18,2,12,43
Dec-11,0,0,0,0,0,4,4,0,17,13,4,57,24,33,41,10,22,9,10,3,7,6,3,3,3,0,3,1,0,1,139,105,77,28,12,163,0,0,0,0,1,162,179,15,164,3,0,3,0,462,601,63,5,40,13,4,1,5,0,5,11,79,6,2,0,0,2,35,23,5,7,43
Jan-12,0,0,0,0,0,2,1,1,4,4,0,41,16,25,47,17,24,6,6,1,5,4,2,2,0,0,0,3,0,3,107,118,94,24,25,203,0,0,0,0,2,201,149,21,128,3,0,3,0,498,605,68,8,41,13,6,0,7,1,6,7,82,27,47,0,0,47,22,14,3,5,96
Feb-12,1,0,0,0,1,5,4,1,9,9,0,37,15,22,54,21,28,5,3,2,1,13,7,6,1,0,1,1,0,1,124,92,70,22,11,197,0,0,0,0,2,195,126,16,110,5,0,5,0,431,555,63,9,26,25,2,1,6,3,3,12,81,8,0,0,0,0,22,8,3,11,30
Mar-12,0,0,0,0,0,7,6,1,12,9,3,30,15,15,45,4,35,6,6,1,5,8,2,6,1,0,1,4,1,3,113,100,79,21,26,181,0,0,0,0,4,177,134,16,118,6,1,5,0,447,560,110,11,62,32,4,1,9,8,1,19,138,13,4,0,0,4,29,17,4,8,46
Apr-12,0,0,0,0,0,23,19,4,9,9,0,28,12,16,37,11,23,3,3,1,2,11,2,9,0,0,0,0,0,0,111,96,72,24,18,171,0,0,0,0,2,169,142,21,121,3,0,3,0,430,541,57,7,30,16,4,0,7,5,2,11,75,9,3,1,0,2,21,14,2,5,33
May-12,1,0,0,0,1,5,4,1,0,0,0,34,14,20,54,16,31,7,3,2,1,8,6,2,0,0,0,5,0,5,110,117,90,27,16,186,0,0,0,0,0,186,125,12,113,3,0,3,0,447,557,55,10,30,13,1,1,7,2,5,10,72,5,193,0,0,193,19,11,5,3,217
Jun-12,0,0,0,0,0,19,12,7,0,0,0,27,7,20,34,17,14,3,4,2,2,11,2,9,0,0,0,0,0,0,95,113,73,40,20,157,0,0,0,0,0,157,145,14,131,3,0,3,0,438,533,77,7,43,25,2,0,2,0,2,11,90,17,27,1,0,26,17,3,5,9,61
Jul-12,0,0,0,0,0,4,4,0,0,0,0,34,13,21,34,9,19,6,1,1,0,9,3,6,0,0,0,2,0,2,84,75,51,24,26,162,0,0,0,0,0,162,133,19,114,5,0,5,0,401,485,87,6,50,27,3,1,3,3,0,15,105,13,9,2,0,7,21,10,4,7,43
Aug-12,0,0,0,0,0,6,6,0,1,1,0,41,10,31,42,9,25,8,6,5,1,12,4,8,1,0,1,3,0,3,112,91,73,18,21,153,0,0,0,0,0,153,132,14,118,4,0,4,0,401,513,114,14,58,34,6,2,7,7,0,19,140,4,17,2,0,15,27,16,3,8,48
Sep-12,3,1,0,1,1,7,6,1,2,2,0,40,18,22,43,14,27,2,0,0,0,8,7,1,1,0,1,0,0,0,104,79,50,29,16,148,0,0,0,0,3,145,136,19,117,2,1,1,0,381,485,96,11,49,32,4,0,10,7,3,2,108,3,11,0,0,11,24,12,8,4,38
Oct-12,0,0,0,0,0,4,2,2,3,3,0,43,16,27,38,14,22,2,6,6,0,9,4,5,0,0,0,3,0,3,106,106,60,46,31,193,0,0,0,0,1,192,189,27,162,3,1,2,0,522,628,71,5,34,27,5,0,8,4,4,20,99,20,148,2,0,146,23,13,3,7,191
Nov-12,1,1,0,0,0,16,14,2,16,14,2,27,14,13,34,11,20,3,5,2,3,12,2,10,0,0,0,3,0,3,114,113,78,35,26,153,0,0,0,0,1,152,111,17,94,1,0,1,0,404,518,64,3,37,22,2,0,6,4,2,13,83,5,151,1,0,150,42,9,29,4,198
Dec-12,0,0,0,0,0,7,5,2,13,11,2,51,22,29,42,14,16,12,5,3,2,9,4,5,1,0,1,1,0,1,129,98,56,42,25,131,0,0,0,0,1,130,126,17,109,1,0,1,0,381,510,67,0,34,27,5,1,4,3,1,8,79,5,29,0,0,29,96,80,4,12,130
Jan-13,0,0,0,0,0,10,5,5,22,22,0,49,19,30,46,17,23,6,15,8,7,12,8,4,1,0,1,2,1,1,157,120,83,37,34,193,0,0,0,0,1,192,157,29,128,4,3,1,0,508,665,73,5,44,19,5,0,5,4,1,21,99,11,8,0,0,8,26,10,6,10,45
Feb-13,0,0,0,0,0,16,5,11,0,0,0,65,16,49,59,22,30,7,7,7,0,9,5,4,0,0,0,3,0,3,159,106,59,47,19,170,0,0,0,0,1,169,132,20,112,7,2,5,0,434,593,70,5,31,25,8,1,8,4,4,8,86,2,39,6,0,33,33,21,2,10,74
Mar-13,0,0,0,0,0,11,10,1,1,1,0,71,26,45,58,11,37,10,5,3,2,12,7,5,1,0,1,3,0,3,162,80,58,22,21,159,0,0,0,0,0,159,121,27,94,6,1,5,0,387,549,97,8,45,36,5,3,10,5,5,19,126,8,153,0,0,153,27,15,8,4,188
Apr-13,0,0,0,0,0,6,4,2,13,13,0,52,12,40,37,13,19,5,7,6,1,10,5,5,1,0,1,1,0,1,127,118,83,35,18,189,0,0,0,0,2,187,118,13,105,1,0,1,0,444,571,51,4,27,14,6,0,14,11,3,19,84,9,255,8,0,247,46,29,9,8,310
May-13,0,0,0,0,0,7,6,1,0,0,0,50,14,36,40,11,24,5,8,3,5,7,4,3,2,0,2,4,0,4,118,90,65,25,27,185,0,0,0,0,0,185,120,12,108,2,1,1,0,424,542,78,6,42,24,6,0,5,3,2,21,104,10,30,0,0,30,19,7,4,8,59
Jun-13,0,0,0,0,0,5,4,1,10,3,7,68,13,55,36,12,18,6,8,6,2,12,8,4,0,0,0,2,0,2,141,64,35,29,19,129,0,0,0,0,2,127,116,19,97,1,0,1,0,329,470,75,6,43,25,1,0,8,5,3,5,88,6,73,0,0,73,23,12,4,7,102
Jul-13,0,0,0,0,0,6,4,2,7,7,0,71,11,60,42,14,23,5,15,15,0,7,3,4,1,0,1,3,0,3,152,63,44,19,21,174,0,0,0,0,0,174,142,18,124,4,0,4,0,404,556,90,6,49,29,6,0,8,5,3,27,125,7,15,1,0,14,27,7,3,17,49
Aug-13,1,0,0,0,1,2,2,0,6,6,0,84,16,68,38,5,29,4,13,12,1,14,6,8,0,0,0,0,0,0,158,64,42,22,21,171,0,0,0,0,0,171,137,24,113,1,0,1,0,394,552,100,6,54,36,4,0,6,2,4,9,115,3,74,0,0,74,40,21,5,14,117
Sep-13,0,0,0,0,0,3,2,1,21,21,0,86,19,67,50,20,26,4,17,14,3,12,5,7,1,0,1,4,0,4,194,86,74,12,16,130,0,0,0,0,0,130,127,10,117,0,0,0,0,359,553,76,0,41,31,4,0,4,4,0,4,84,5,103,0,0,103,29,13,3,13,137
Oct-13,4,0,0,0,4,20,20,0,1,1,0,74,15,59,51,21,22,8,24,22,2,17,9,8,0,0,0,3,0,3,194,94,72,22,18,137,0,0,0,0,0,137,125,17,108,0,0,0,0,374,568,61,9,34,17,1,0,8,6,2,14,83,4,44,0,0,44,25,12,3,10,73
Nov-13,0,0,0,0,0,7,7,0,10,10,0,92,18,74,58,22,31,5,29,25,4,9,5,4,3,0,3,4,1,3,212,80,51,29,29,167,0,0,0,0,2,165,162,35,127,3,0,3,0,441,653,100,3,57,36,3,1,7,6,1,9,116,6,20,0,0,20,26,8,3,15,52
Dec-13,0,0,0,0,0,6,4,2,4,4,0,118,28,90,46,23,18,5,22,17,5,20,10,10,1,0,1,2,0,2,219,118,93,25,25,244,0,0,0,0,2,242,223,46,177,2,0,2,0,612,831,108,23,48,32,4,1,11,10,1,15,134,15,34,0,0,34,24,13,2,9,73
Jan-14,1,1,0,0,0,4,4,0,3,3,0,97,15,82,48,20,23,5,16,12,4,12,4,8,1,0,1,8,0,8,190,229,189,40,37,246,0,0,0,0,1,245,191,34,157,3,0,3,0,706,896,87,9,37,38,3,0,15,10,5,13,115,16,37,0,0,37,49,29,8,12,102
Feb-14,0,0,0,0,0,6,5,1,0,0,0,85,13,72,46,19,22,5,12,9,3,9,3,6,0,0,0,3,1,2,161,117,84,33,23,210,0,0,0,0,1,209,161,27,134,0,0,0,0,511,672,61,11,28,16,5,1,4,3,1,20,85,2,29,0,0,29,35,18,5,12,66
Mar-14,0,0,0,0,0,7,5,2,1,1,0,98,21,77,47,12,32,3,13,10,3,10,5,5,1,0,1,1,1,0,178,162,107,55,31,236,0,0,0,0,2,234,189,35,154,2,0,2,0,620,798,99,5,49,39,5,1,15,9,6,17,131,5,37,1,0,36,49,23,17,9,91
Apr-14,1,0,1,0,0,8,8,0,6,6,0,90,21,69,55,16,33,6,19,14,5,6,3,3,0,0,0,2,0,2,187,126,89,37,20,192,0,0,0,0,0,192,148,24,124,6,0,6,0,492,679,81,8,46,23,3,1,12,10,2,17,110,6,34,0,0,34,19,10,1,8,59
May-14,0,0,0,0,0,17,17,0,3,3,0,94,19,75,35,11,20,4,7,7,0,11,6,5,1,0,1,4,2,2,172,152,101,51,29,180,0,0,0,0,2,178,154,31,123,2,0,2,0,517,689,107,9,54,37,6,1,6,2,4,21,134,12,31,0,0,31,28,14,1,13,71
Jun-14,2,2,0,0,0,4,4,0,6,6,0,69,8,61,39,18,19,2,8,4,4,6,3,3,0,0,0,1,0,1,135,124,94,30,20,256,0,0,0,0,2,254,155,25,130,7,0,6,1,562,697,113,11,62,36,2,2,13,10,3,19,145,9,14,1,0,13,31,15,4,12,54
Jul-14,1,0,0,0,1,6,4,2,10,9,1,80,21,59,35,13,19,3,10,6,4,11,8,3,0,0,0,1,0,1,154,111,71,40,21,194,0,0,0,0,2,192,132,20,112,5,0,5,0,463,617,107,2,68,32,5,0,7,6,1,11,125,6,43,1,0,42,26,13,2,11,75
Aug-14,0,0,0,0,0,8,5,3,8,8,0,84,16,68,53,12,35,6,7,5,2,15,8,7,1,1,0,4,0,4,180,117,87,30,13,176,0,0,0,0,0,176,113,24,89,6,0,6,0,425,605,135,8,71,52,3,1,5,3,2,6,146,1,35,0,0,35,34,14,7,13,70
Sep-14,1,1,0,0,0,4,3,1,2,0,2,100,19,81,45,17,23,5,8,6,2,16,4,12,1,0,1,4,0,4,181,151,118,33,17,213,0,0,0,0,0,213,136,33,103,1,0,1,0,518,699,95,2,55,37,1,0,6,4,2,10,111,4,39,0,0,39,43,21,2,20,86
Oct-14,0,0,0,0,0,11,10,1,11,11,0,90,11,79,48,15,32,1,11,6,5,12,4,8,1,0,1,3,0,3,187,141,122,19,34,186,0,0,0,0,0,186,123,32,91,3,1,2,0,487,674,150,15,74,51,9,1,16,11,5,33,199,3,48,0,0,48,35,16,4,15,86
Nov-14,0,0,0,0,0,4,4,0,9,8,1,66,13,53,35,19,12,4,9,6,3,10,5,5,0,0,0,3,0,3,136,149,113,36,31,209,0,0,0,0,1,208,128,21,107,7,0,6,1,524,660,134,10,71,47,6,0,7,6,1,15,156,8,145,0,0,145,43,24,5,14,196
Dec-14,0,0,0,0,0,10,6,4,1,0,1,97,11,86,44,12,29,3,13,11,2,5,4,1,0,0,0,2,0,2,172,171,140,31,21,227,0,0,0,0,0,227,160,30,130,2,0,2,0,581,753,120,8,54,48,8,2,5,5,0,17,142,16,150,0,0,150,42,25,5,12,208
Jan-15,0,0,0,0,0,9,6,3,9,9,0,122,28,94,51,21,29,1,8,4,4,8,2,6,0,0,0,0,0,0,207,209,154,55,33,300,0,0,0,0,1,299,188,30,158,10,4,6,0,740,947,103,4,49,45,4,1,9,8,1,20,132,8,19,1,0,18,52,32,2,18,79
Feb-15,0,0,0,0,0,6,5,1,6,6,0,92,23,69,62,20,38,4,10,8,2,8,2,6,0,0,0,4,1,3,188,172,126,46,43,252,0,0,0,0,2,250,214,39,175,1,0,1,0,682,870,98,5,50,36,7,0,10,8,2,12,120,5,20,0,0,20,43,15,8,20,68
Mar-15,0,0,0,0,0,8,8,0,1,1,0,102,30,72,50,21,27,2,9,5,4,11,6,5,2,0,2,3,1,2,186,207,159,48,38,247,0,0,0,0,0,247,155,28,127,3,0,3,0,650,836,97,13,41,39,2,2,6,4,2,14,117,9,47,0,0,47,55,30,6,19,111
Apr-15,0,0,0,0,0,2,2,0,0,0,0,67,14,53,38,15,20,3,6,5,1,8,2,6,1,0,1,2,0,2,124,228,188,40,48,319,0,0,0,0,1,318,150,25,125,4,0,4,0,749,873,111,22,52,35,2,0,19,17,2,14,144,4,16,0,0,16,31,21,4,6,51
May-15,1,0,0,0,1,4,4,0,1,1,0,63,13,50,39,9,26,4,7,2,5,7,2,5,0,0,0,4,0,4,126,225,152,73,33,287,0,0,0,0,0,287,189,28,161,3,0,2,1,737,863,108,7,55,40,6,0,15,12,3,22,145,12,28,0,0,28,29,14,5,10,69
Jun-15,0,0,0,0,0,7,6,1,2,2,0,59,7,52,43,9,31,3,14,9,5,4,0,4,0,0,0,2,0,2,131,146,106,40,19,218,0,0,0,0,0,218,134,25,109,1,0,1,0,518,649,125,14,63,44,3,1,7,6,1,10,142,1,41,0,0,41,33,24,3,6,75
Jul-15,1,1,0,0,0,3,3,0,18,17,1,55,10,45,32,12,19,1,13,10,3,5,3,2,2,0,2,2,0,2,131,134,92,42,32,201,0,0,0,0,0,201,152,24,128,2,0,1,1,521,652,136,18,71,43,4,0,11,8,3,17,164,7,47,0,0,47,37,19,4,14,91
Aug-15,4,1,0,0,3,2,2,0,7,6,1,82,9,73,37,12,19,6,11,5,6,7,3,4,0,0,0,2,0,2,152,148,118,30,19,208,0,0,0,0,0,208,168,32,136,4,0,4,0,547,699,141,10,74,49,8,0,7,3,4,11,159,3,32,0,0,32,41,26,5,10,76
Sep-15,0,0,0,0,0,5,4,1,4,4,0,72,9,63,37,9,26,2,17,15,2,9,2,7,0,0,0,5,1,4,149,116,92,24,18,201,0,0,0,0,1,200,126,28,98,2,1,1,0,463,612,146,26,63,50,7,0,6,6,0,13,165,1,39,0,0,39,44,26,5,13,84
Oct-15,0,0,0,0,0,5,5,0,0,0,0,85,20,65,50,19,17,14,10,7,3,9,2,7,0,0,0,1,0,1,160,151,111,40,13,212,0,0,0,0,1,211,147,33,114,4,2,2,0,527,687,118,7,66,43,2,0,5,3,2,17,140,2,25,0,0,25,40,22,2,16,67
Nov-15,3,0,0,1,2,4,3,1,1,0,1,66,14,52,48,9,37,2,6,6,0,17,6,11,0,0,0,2,0,2,147,150,105,45,14,223,0,0,0,0,0,223,134,30,104,4,1,3,0,525,672,94,12,46,29,4,3,8,7,1,18,120,4,63,0,0,63,48,33,3,12,115
Dec-15,0,0,0,0,0,1,0,1,3,3,0,106,30,76,51,23,21,7,9,5,4,13,5,8,1,0,1,5,2,3,189,171,133,38,28,196,0,0,0,0,1,195,172,34,138,4,0,3,1,571,760,178,92,48,35,2,1,6,4,2,16,200,4,63,0,0,63,46,26,6,14,113
Jan-16,1,0,0,0,1,1,1,0,10,10,0,88,13,75,32,16,15,1,7,4,3,12,2,10,0,0,0,4,0,4,155,180,135,45,26,201,0,0,0,0,0,201,147,31,116,1,0,1,0,555,710,109,12,55,42,0,0,2,1,1,14,125,5,27,0,0,27,24,14,1,9,56
Feb-16,0,0,0,0,0,3,3,0,2,2,0,92,14,78,43,15,23,5,15,8,7,5,0,5,0,0,0,1,0,1,161,176,119,57,28,203,0,0,0,0,2,201,146,23,123,0,0,0,0,553,714,124,7,56,58,3,0,9,8,1,5,138,6,43,1,0,42,121,108,1,12,170
Mar-16,0,0,0,0,0,16,15,1,14,7,7,102,28,74,55,24,27,4,12,7,5,13,4,9,0,0,0,9,1,8,221,215,172,43,29,198,0,0,0,0,1,197,143,29,114,2,0,2,0,587,808,162,5,80,69,7,1,10,9,1,26,198,5,120,0,0,120,48,27,5,16,173
Apr-16,0,0,0,0,0,3,3,0,6,6,0,84,22,62,35,13,21,1,12,9,3,12,4,8,1,0,1,3,1,2,156,219,153,66,35,231,0,0,0,0,0,231,153,34,119,3,0,3,0,641,797,125,14,59,47,4,1,12,10,2,15,152,4,74,0,0,74,47,30,6,11,125
May-16,0,0,0,0,0,11,10,1,0,0,0,67,17,50,39,11,24,4,6,4,2,12,7,5,1,0,1,5,1,4,141,181,125,56,20,193,0,0,0,0,0,193,146,27,119,2,0,2,0,542,683,180,13,84,74,7,2,9,8,1,15,204,9,15,0,0,15,53,25,18,10,77
Jun-16,0,0,0,0,0,10,7,3,20,15,5,66,16,50,34,11,20,3,6,6,0,7,6,1,0,0,0,2,1,1,145,138,110,28,16,187,0,0,0,0,1,186,123,18,105,8,3,5,0,472,617,137,13,64,57,2,1,7,4,3,21,165,6,12,0,0,12,35,14,5,16,53
Jul-16,2,0,0,0,2,6,4,2,2,2,0,55,10,45,30,14,12,4,7,6,1,13,8,5,2,0,2,1,0,1,118,92,66,26,14,199,0,0,0,0,0,199,146,31,115,2,0,2,0,453,571,138,11,61,62,3,1,9,8,1,10,157,7,17,1,0,16,61,34,9,18,85
Aug-16,0,0,0,0,0,18,9,9,1,1,0,72,21,51,30,8,18,4,10,7,3,8,2,6,0,0,0,1,0,1,140,139,91,48,20,201,0,0,0,0,1,200,140,26,114,1,0,1,0,501,641,209,24,103,72,9,1,3,2,1,34,246,2,23,0,0,23,64,46,6,12,89
Sep-16,0,0,0,0,0,6,4,2,5,5,0,67,13,54,26,12,12,2,7,5,2,12,6,6,0,0,0,0,0,0,123,132,83,49,11,201,0,0,0,0,0,201,138,23,115,4,0,4,0,486,609,136,16,56,59,4,1,5,3,2,10,151,1,32,0,0,32,28,22,2,4,61
Oct-16,0,0,0,0,0,11,4,7,0,0,0,75,19,56,39,16,22,1,9,8,1,8,1,7,1,0,1,0,0,0,143,121,77,44,23,223,0,0,0,0,0,223,181,45,136,5,0,5,0,553,696,85,6,40,36,3,0,6,6,0,15,106,3,73,0,0,73,36,16,8,12,112
Nov-16,2,0,2,0,0,6,3,3,12,12,0,105,23,82,59,18,36,5,10,9,1,3,1,2,2,0,2,1,0,1,200,122,89,33,11,217,0,0,0,0,1,216,151,32,119,7,1,5,1,508,708,163,18,68,69,3,5,12,10,2,11,186,12,25,0,0,25,127,107,4,16,164
Dec-16,0,0,0,0,0,6,5,1,2,2,0,104,23,81,53,19,29,5,7,5,2,18,8,10,0,0,0,3,1,2,193,124,88,36,13,189,0,0,0,0,1,188,192,56,136,1,1,0,0,519,712,115,10,58,43,4,0,4,3,1,20,139,6,20,0,0,20,167,145,9,13,193
Jan-17,1,0,0,0,1,6,4,2,10,10,0,97,14,83,65,24,32,9,11,9,2,10,6,4,1,0,1,4,0,4,205,152,124,28,18,257,0,0,0,0,0,257,212,40,172,10,0,8,2,649,854,231,120,60,48,3,0,16,14,2,19,266,3,16,0,0,16,48,16,10,22,67
Feb-17,0,0,0,0,0,4,4,0,0,0,0,90,17,73,45,15,23,7,20,10,10,12,5,7,1,0,1,2,0,2,174,152,111,41,25,247,0,0,0,0,0,247,163,35,128,1,0,1,0,588,762,106,6,52,47,1,0,10,4,6,8,124,3,18,0,0,18,44,20,3,21,65
Mar-17,0,0,0,0,0,10,6,4,2,2,0,99,20,79,35,17,13,5,24,20,4,11,4,7,1,0,1,2,0,2,184,186,133,53,29,205,0,0,0,0,0,205,144,21,123,1,0,1,0,565,749,257,70,99,79,6,3,19,11,8,34,310,12,53,2,0,51,69,47,3,19,134
Apr-17,2,0,0,0,2,1,1,0,0,0,0,90,24,66,43,18,24,1,16,14,2,13,9,4,1,0,1,5,2,3,171,105,84,21,16,205,0,0,0,0,0,205,154,24,130,2,1,1,0,482,653,109,5,60,42,1,1,4,3,1,10,123,5,8,0,0,8,34,20,4,10,47
May-17,0,0,0,0,0,11,10,1,12,11,1,72,18,54,51,15,30,6,7,5,2,17,9,8,2,0,2,2,0,2,174,114,92,22,10,217,0,0,0,0,1,216,128,28,100,3,0,3,0,472,646,113,10,47,42,3,11,4,3,1,11,128,2,28,1,0,27,43,27,5,11,73
Jun-17,0,0,0,0,0,3,2,1,6,6,0,73,8,65,30,12,18,0,11,8,3,13,4,9,0,0,0,4,0,4,140,113,92,21,14,180,27,35,37,44,0,37,127,29,98,8,0,7,1,442,582,113,9,55,47,2,0,8,6,2,14,135,0,10,0,1,9,33,14,16,3,43
Jul-17,1,0,0,0,1,5,5,0,12,10,2,66,14,52,31,11,15,5,15,15,0,7,2,5,0,0,0,7,0,7,144,117,82,35,12,155,37,38,39,41,0,0,137,27,110,2,0,2,0,423,567,133,10,62,54,7,0,10,7,3,12,155,3,44,0,43,1,29,16,2,11,76
Aug-17,0,0,0,0,0,28,6,22,5,5,0,69,16,53,31,10,18,3,19,12,7,5,2,3,0,0,0,0,0,0,157,195,167,28,25,165,53,33,34,45,0,0,162,25,137,5,0,4,1,552,709,146,11,81,50,2,2,18,14,4,16,180,5,36,0,19,17,36,22,2,12,77
Sep-17,1,0,0,0,1,6,6,0,3,3,0,77,12,65,59,24,28,7,16,12,4,24,11,13,0,0,0,4,0,4,190,162,133,29,12,164,32,32,31,68,1,0,163,53,110,5,1,3,1,506,696,141,10,69,54,6,2,17,15,2,17,175,1,7,0,1,6,94,59,2,33,102
Oct-17,0,0,0,0,0,7,7,0,7,7,0,82,16,66,48,11,32,5,11,10,1,14,5,9,1,0,1,3,0,3,173,144,102,42,12,174,43,43,31,56,1,0,135,26,109,6,2,3,1,471,644,167,11,85,66,4,1,12,11,1,30,209,11,57,1,39,17,53,38,4,11,121
Nov-17,1,0,1,0,0,14,12,2,5,5,0,92,21,71,47,13,27,7,10,8,2,11,9,2,4,0,4,1,0,1,185,137,106,31,18,198,52,50,42,53,1,0,150,37,113,3,0,3,0,506,691,118,8,62,42,4,2,9,9,0,6,133,3,23,0,20,3,35,17,6,12,61
Dec-17,0,0,0,0,0,15,15,0,2,2,0,125,28,97,54,17,28,9,16,11,5,15,5,10,0,0,0,0,0,0,227,109,88,21,6,130,25,26,29,49,1,0,132,26,106,2,0,2,0,379,606,139,2,77,50,6,4,10,10,0,10,159,1,40,2,34,4,44,21,1,22,85
Jan-18,0,0,0,0,0,8,8,0,4,3,1,112,16,96,43,18,22,3,16,10,6,8,5,3,1,0,1,3,0,3,195,119,91,28,34,154,33,35,37,49,0,0,115,32,83,2,0,2,0,424,619,126,7,60,47,10,2,12,9,3,8,146,3,44,0,32,12,57,20,5,32,104
Feb-18,0,0,0,0,0,22,21,1,19,19,0,70,9,61,34,17,15,2,14,12,2,15,10,5,0,0,0,4,0,4,178,118,86,32,21,159,30,30,44,54,1,0,123,31,92,5,0,5,0,426,604,276,142,73,54,2,5,5,4,1,14,295,3,6,0,5,1,26,19,3,4,35
Mar-18,1,1,0,0,0,11,9,2,1,1,0,85,16,69,37,16,18,3,22,17,5,17,13,4,0,0,0,5,0,5,179,88,71,17,19,170,31,35,41,62,1,0,94,27,67,2,0,2,0,373,552,122,19,54,37,1,11,5,3,2,13,140,7,31,0,29,2,44,19,10,15,82
Apr-18,1,0,0,0,1,18,16,2,5,5,0,93,15,78,47,14,32,1,21,17,4,18,6,12,1,0,1,6,1,5,210,126,84,42,20,166,35,36,38,54,3,0,124,36,88,2,1,1,0,438,648,92,11,43,34,3,1,17,14,3,11,120,6,9,0,7,2,46,18,2,26,61
May-18,0,0,0,0,0,6,6,0,30,29,1,94,22,72,31,7,18,6,19,18,1,7,2,5,1,0,1,1,0,1,189,91,67,24,11,189,37,49,39,63,1,0,106,24,82,0,0,0,0,397,586,129,11,63,48,3,4,9,7,2,11,149,8,39,0,32,7,280,259,8,13,327
Jun-18,0,0,0,0,0,27,24,3,5,5,0,85,12,73,38,8,29,1,15,14,1,9,2,7,0,0,0,3,1,2,182,115,91,24,5,156,36,26,41,52,1,0,94,23,71,1,0,1,0,371,553,136,9,70,50,6,1,9,8,1,14,159,6,30,0,25,5,44,26,6,12,80
Jul-18,0,0,0,0,0,9,7,2,1,1,0,93,18,75,32,11,21,0,24,21,3,10,6,4,0,0,0,1,0,1,170,74,62,12,12,141,38,18,41,44,0,0,93,16,77,5,0,5,0,325,495,141,13,71,53,2,2,9,9,0,11,161,7,33,0,33,0,44,23,2,19,84
Aug-18,3,0,0,0,3,9,1,8,8,8,0,108,14,94,35,12,18,5,21,14,7,13,7,6,0,0,0,1,0,1,198,88,67,21,16,145,46,25,30,40,4,0,104,14,90,2,0,2,0,355,553,124,4,65,47,7,1,12,11,1,11,147,3,21,0,16,5,48,25,4,19,72
Sep-18,0,0,0,0,0,11,9,2,1,1,0,109,20,89,34,13,20,1,17,13,4,10,6,4,3,1,2,4,0,4,189,62,49,13,7,153,25,47,32,47,2,0,119,29,90,6,0,6,0,347,536,142,54,48,35,4,1,11,11,0,5,158,2,36,0,30,6,87,68,2,17,125
Oct-18,1,0,0,0,1,10,8,2,15,15,0,97,21,76,35,9,23,3,18,18,0,17,11,6,0,0,0,3,1,2,196,81,67,14,10,209,34,59,64,51,1,0,116,14,102,5,1,4,0,421,617,88,11,34,39,4,0,5,5,0,11,104,0,49,0,35,14,52,27,5,20,101
Nov-18,0,0,0,0,0,8,8,0,5,5,0,86,11,75,49,15,30,4,25,20,5,14,6,8,0,0,0,6,1,5,193,107,83,24,25,207,47,73,35,52,0,0,142,37,105,6,1,4,1,487,680,82,2,47,30,2,1,7,3,4,12,101,1,21,1,17,3,53,28,9,16,75
Dec-18,1,0,0,0,1,5,4,1,6,6,0,112,23,89,36,14,22,0,31,28,3,23,11,12,1,0,1,4,0,4,219,80,60,20,15,197,63,59,26,49,0,0,126,20,106,1,0,1,0,419,638,68,10,34,20,3,1,8,7,1,5,81,1,59,0,57,2,60,25,4,31,120
Jan-19,0,0,0,0,0,16,7,9,6,6,0,102,19,83,66,19,44,3,19,14,5,8,5,3,3,0,3,1,0,1,221,141,111,30,14,225,63,53,57,51,1,0,127,25,102,2,0,2,0,509,730,87,6,48,31,2,0,8,8,0,8,103,2,61,0,59,2,35,14,0,21,98
Feb-19,0,0,0,0,0,10,7,3,0,0,0,89,13,76,43,16,22,5,19,13,6,15,8,7,0,0,0,4,0,4,180,102,70,32,13,231,62,60,52,55,2,0,125,27,98,2,1,1,0,473,653,127,18,47,56,4,2,7,7,0,22,156,3,6,0,4,2,47,27,3,17,56
Mar-19,0,0,0,0,0,28,26,2,6,6,0,118,18,100,36,6,29,1,21,17,4,12,9,3,0,0,0,3,0,3,224,151,115,36,21,245,70,39,58,75,3,0,127,26,101,5,0,5,0,549,773,93,6,48,36,2,1,28,21,7,10,131,1,48,0,46,2,74,45,1,28,123
Apr-19,0,0,0,0,0,4,3,1,1,1,0,96,19,77,33,11,21,1,22,17,5,14,4,10,0,0,0,3,0,3,173,129,100,29,16,235,66,51,57,61,0,0,122,25,97,4,0,4,0,506,679,88,8,45,32,2,1,9,8,1,5,102,3,26,1,22,3,58,26,5,27,87
May-19,0,0,0,0,0,15,13,2,6,6,0,99,27,72,30,12,12,6,21,16,5,16,7,9,1,0,1,4,1,3,192,130,107,23,18,196,54,43,40,58,1,0,131,26,105,3,0,3,0,478,670,91,6,44,38,0,3,16,16,0,8,115,1,39,5,28,6,42,25,5,12,82
Jun-19,0,0,0,0,0,3,3,0,4,4,0,101,12,89,23,9,13,1,22,16,6,11,7,4,0,0,0,3,0,3,167,119,95,24,10,168,43,38,37,50,0,0,117,22,95,3,0,3,0,417,584,173,12,89,68,1,3,10,9,1,11,194,3,53,0,50,3,56,40,3,13,112
Jul-19,0,0,0,0,0,5,5,0,0,0,0,97,21,76,39,14,23,2,20,16,4,17,8,9,1,0,1,2,1,1,181,85,73,12,6,135,33,27,34,39,2,0,128,32,96,5,0,5,0,359,540,115,13,65,34,2,1,9,9,0,7,131,0,23,0,21,2,58,43,1,14,81
Aug-19,0,0,0,0,0,9,9,0,11,11,0,136,34,102,31,10,14,7,45,33,12,9,3,6,3,0,3,2,1,1,246,117,93,24,11,178,48,31,45,54,0,0,113,22,91,4,0,4,0,423,669,158,6,91,54,4,3,13,13,0,9,180,2,49,0,44,5,65,41,1,23,116
Sep-19,1,1,0,0,0,16,14,2,4,4,0,88,22,66,58,19,32,7,16,11,5,20,8,12,2,0,2,2,0,2,207,127,93,34,17,188,49,40,39,59,1,0,123,38,85,8,0,8,0,463,670,182,106,42,33,0,1,9,9,0,10,201,3,24,0,22,2,70,38,3,29,97
Oct-19,0,0,0,0,0,8,8,0,11,11,0,97,20,77,30,8,18,4,34,32,2,8,5,3,0,0,0,2,0,2,190,117,71,46,10,161,57,24,40,40,0,0,143,28,115,9,2,6,1,440,630,97,4,48,39,5,1,7,7,0,6,110,3,27,0,22,5,33,21,1,11,63
Nov-19,0,0,0,0,0,5,5,0,6,6,0,125,16,109,63,20,34,9,35,27,8,12,5,7,1,0,1,2,0,2,249,142,99,43,12,175,62,13,35,64,1,0,145,27,118,11,1,10,0,485,734,106,9,53,40,2,2,8,8,0,10,124,4,54,0,48,6,60,30,3,27,118
Dec-19,0,0,0,0,0,6,5,1,6,4,2,148,27,121,63,23,32,8,29,19,10,10,5,5,1,0,1,1,0,1,264,152,118,34,12,181,62,31,41,46,1,0,145,34,111,4,1,2,1,494,758,64,1,30,28,5,0,8,8,0,9,81,3,13,0,11,2,67,35,6,26,83
Jan-20,1,0,0,0,1,21,17,4,10,5,5,128,17,111,61,20,31,10,34,27,7,21,6,15,0,0,0,1,0,1,277,152,125,27,7,193,45,43,37,67,1,0,145,34,111,1,0,1,0,498,775,111,5,63,38,4,1,9,9,0,21,141,1,31,0,30,1,67,46,0,21,99
Feb-20,2,0,0,0,2,10,8,2,3,3,0,109,22,87,48,19,25,4,21,16,5,12,6,6,0,0,0,0,0,0,205,154,120,34,8,159,21,43,44,51,0,0,118,25,93,3,0,2,1,442,647,194,27,84,75,7,1,10,10,0,11,215,4,80,0,77,3,41,24,3,14,125
Mar-20,1,1,0,0,0,6,4,2,2,2,0,135,30,105,54,22,22,10,28,22,6,17,8,9,2,1,1,0,0,0,245,147,96,51,9,178,38,37,46,56,1,0,127,29,98,6,1,5,0,467,712,71,6,35,25,2,3,14,14,0,17,102,5,59,0,56,3,55,41,1,13,119
Apr-20,0,0,0,0,0,23,19,4,13,11,2,124,26,98,49,18,25,6,20,14,6,18,8,10,1,0,1,1,0,1,249,82,62,20,7,87,12,19,25,30,1,0,106,31,75,1,0,1,0,283,532,104,16,49,30,4,5,10,9,1,9,123,1,56,0,52,4,106,85,2,19,163
May-20,0,0,0,0,0,6,6,0,2,2,0,82,13,69,57,28,25,4,17,12,5,17,10,7,0,0,0,1,0,1,182,63,50,13,11,72,13,11,25,23,0,0,121,33,88,1,0,1,0,268,450,117,9,67,36,4,1,5,4,1,13,135,3,17,0,8,9,174,151,7,16,194
Jun-20,3,1,0,0,2,17,7,10,43,40,3,71,20,51,42,14,24,4,17,16,1,14,8,6,3,0,3,3,1,2,213,57,49,8,4,81,18,13,21,29,0,0,111,23,88,2,1,1,0,255,468,131,4,71,40,6,10,6,6,0,17,154,6,19,0,17,2,36,8,6,22,61
Jul-20,0,0,0,0,0,9,3,6,6,6,0,81,17,64,35,15,17,3,15,12,3,7,3,4,1,0,1,2,0,2,156,48,37,11,15,72,16,12,19,25,0,0,85,21,64,5,0,5,0,225,381,113,9,66,32,2,4,6,6,0,8,127,1,20,0,20,0,40,28,3,9,61
Aug-20,0,0,0,0,0,8,5,3,8,8,0,102,17,85,67,18,36,13,20,16,4,7,3,4,0,0,0,3,0,3,215,41,26,15,6,90,16,13,23,38,0,0,104,34,70,0,0,0,0,241,456,129,6,64,48,5,6,12,12,0,16,157,1,12,0,8,4,51,31,7,13,64
Sep-20,0,0,0,0,0,11,10,1,1,0,1,98,15,83,40,14,20,6,34,22,12,20,6,14,4,0,4,7,0,7,215,47,29,18,9,69,17,6,21,25,0,0,114,26,88,5,0,5,0,244,459,100,3,54,40,3,0,4,4,0,8,112,9,16,0,10,6,48,24,8,16,73
Oct-20,0,0,0,0,0,19,15,4,10,10,0,132,29,103,47,14,33,0,30,19,11,15,4,11,0,0,0,2,1,1,255,77,57,20,12,84,18,5,26,35,0,0,146,33,113,4,0,3,1,323,578,92,4,50,35,3,0,5,5,0,17,114,16,34,0,25,9,47,22,8,17,97
Nov-20,0,0,0,0,0,9,6,3,1,1,0,119,31,88,35,9,25,1,26,20,6,18,8,10,2,1,1,4,0,4,214,106,73,33,17,115,26,15,33,41,0,0,167,45,122,7,1,6,0,412,626,99,9,48,35,3,4,5,5,0,9,113,6,50,0,47,3,48,30,1,17,104
Dec-20,0,0,0,0,0,19,10,9,11,9,2,127,27,100,39,13,20,6,29,17,12,9,4,5,2,0,2,2,0,2,238,87,60,27,6,109,22,10,32,45,0,0,147,35,112,3,1,2,0,352,590,104,9,54,39,2,0,10,10,0,13,127,2,50,0,50,0,45,21,5,19,97
Jan-21,1,0,0,0,1,15,12,3,20,18,2,157,33,124,68,27,34,7,36,24,12,9,2,7,5,1,4,2,0,2,313,117,88,29,22,169,43,28,47,51,0,0,181,51,130,11,5,6,0,500,813,62,1,35,25,1,0,8,8,0,11,81,1,93,0,84,9,63,43,4,16,157
Feb-21,0,0,0,0,0,21,13,8,25,24,1,138,42,96,59,24,31,4,31,19,12,20,8,12,0,0,0,3,0,3,297,90,64,26,11,134,36,32,28,37,1,0,157,49,108,5,0,4,1,397,694,87,8,39,29,5,6,19,17,2,8,114,61,49,0,44,5,56,38,1,17,166
Mar-21,0,0,0,0,0,15,8,7,4,4,0,105,37,68,48,19,27,2,31,24,7,19,9,10,3,0,3,1,0,1,226,87,60,27,9,140,39,24,20,57,0,0,129,39,90,5,3,2,0,370,596,85,7,50,24,2,2,7,5,2,11,103,4,39,1,34,4,51,32,5,14,94
Apr-21,0,0,0,0,0,15,14,1,32,31,1,116,23,93,24,9,13,2,26,21,5,16,5,11,0,0,0,1,0,1,230,139,81,58,13,173,64,31,33,44,1,0,125,38,87,1,1,0,0,451,681,114,10,59,36,5,4,10,10,0,14,138,6,50,0,50,0,52,32,2,18,108
May-21,0,0,0,0,0,19,18,1,25,25,0,103,21,82,49,9,34,6,34,22,12,7,3,4,0,0,0,6,0,6,243,136,73,63,18,199,70,25,35,67,2,0,195,56,139,2,1,1,0,550,793,178,48,65,45,4,16,19,16,3,15,212,0,59,0,51,8,45,30,7,8,104
Jun-21,1,1,0,0,0,18,17,1,5,5,0,112,36,76,48,19,27,2,20,19,1,10,5,5,0,0,0,4,1,3,218,99,72,27,24,174,50,24,29,71,0,0,133,45,88,1,1,0,0,431,649,99,11,50,33,3,2,6,6,0,8,113,4,20,0,18,2,38,28,1,9,62
Jul-21,0,0,0,0,0,14,10,4,8,8,0,118,26,92,49,18,25,6,23,15,8,18,8,10,4,0,4,3,0,3,237,99,67,32,19,156,53,22,36,45,0,0,167,63,104,5,0,5,0,446,683,105,35,32,23,3,12,14,14,0,14,133,4,239,0,228,11,32,16,5,11,275
Aug-21,0,0,0,0,0,5,5,0,13,9,4,101,20,81,62,19,37,6,15,12,3,17,11,6,0,0,0,6,0,6,219,108,57,51,22,137,46,26,23,41,1,0,164,67,97,2,0,2,0,433,652,58,4,25,22,5,2,7,6,1,24,89,5,56,0,54,2,40,20,6,14,101
Sep-21,0,0,0,0,0,26,23,3,7,7,0,113,30,83,73,30,35,8,23,17,6,22,14,8,1,0,1,3,0,3,268,100,70,30,23,131,30,22,26,53,0,0,156,54,102,5,1,3,1,415,683,86,5,40,33,5,3,7,7,0,23,116,14,24,0,21,3,35,21,7,7,73
Oct-21,0,0,0,0,0,18,17,1,2,2,0,100,22,78,56,22,27,7,18,14,4,17,7,10,1,1,0,5,1,4,217,100,56,44,20,136,47,21,24,43,1,0,162,59,103,6,1,4,1,424,641,42,0,26,13,2,1,6,5,1,4,52,174,56,0,51,5,28,14,3,11,258
Nov-21,0,0,0,0,0,13,10,3,7,6,1,96,21,75,75,26,43,6,19,12,7,16,6,10,1,0,1,4,0,4,231,85,67,18,15,141,43,19,24,55,0,0,158,48,110,4,1,3,0,403,634,71,3,41,23,2,2,12,9,3,14,97,2,32,0,31,1,29,13,5,11,63
Dec-21,0,0,0,0,0,10,9,1,2,1,1,147,27,120,62,24,34,4,18,12,6,29,4,25,1,0,1,8,0,8,277,105,75,30,17,144,31,28,30,55,0,0,142,48,94,8,1,3,4,416,693,81,11,40,26,2,2,6,5,1,8,95,3,30,0,30,0,34,18,5,11,67
Jan-22,1,0,0,0,1,8,5,3,5,5,0,137,30,107,63,22,34,7,28,18,10,28,14,14,1,0,1,1,0,1,272,122,99,23,9,186,44,37,32,72,1,0,129,43,86,5,1,2,2,451,723,100,14,48,31,2,5,17,16,1,11,128,1,19,0,14,5,63,41,7,15,83
Feb-22,0,0,0,0,0,25,21,4,1,1,0,133,41,92,43,15,21,7,30,17,13,27,16,11,2,0,2,7,0,7,268,154,103,51,22,160,35,29,43,53,0,0,136,45,91,7,1,6,0,479,747,105,4,54,40,7,0,14,13,1,16,135,3,19,0,18,1,36,16,5,15,58
Mar-22,2,0,0,2,0,19,10,9,2,1,1,138,33,105,63,23,32,8,38,24,14,25,13,12,2,0,2,5,0,5,294,113,77,36,19,190,57,39,42,49,3,0,167,66,101,9,4,5,0,498,792,92,5,43,36,3,5,7,6,1,18,117,4,28,3,23,2,33,11,5,17,65
Apr-22,1,0,0,0,1,7,3,4,0,0,0,105,20,85,54,9,39,6,26,18,8,11,8,3,0,0,0,4,1,3,208,140,94,46,33,168,59,32,28,48,1,0,129,44,85,8,1,6,1,478,686,98,17,51,23,4,3,17,15,2,8,123,5,84,1,78,5,59,31,4,24,148
May-22,0,0,0,0,0,14,8,6,2,1,1,114,26,88,65,20,36,9,21,16,5,12,3,9,0,0,0,5,0,5,233,127,84,43,29,173,39,41,39,53,1,0,140,45,95,5,1,3,1,474,707,89,6,52,25,3,3,18,18,0,16,123,3,59,3,52,4,116,84,10,22,178
Jun-22,0,0,0,0,0,14,7,7,2,2,0,124,25,99,60,18,31,11,20,16,4,16,8,8,0,0,0,3,1,2,239,126,93,33,18,165,53,33,30,48,1,0,104,31,73,6,2,3,1,419,658,96,12,48,32,3,1,10,10,0,9,115,7,54,0,50,4,35,22,6,7,96
Jul-22,0,0,0,0,0,6,4,2,2,2,0,126,30,96,46,13,28,5,41,31,10,17,10,7,0,0,0,5,1,4,243,131,92,39,26,186,50,29,28,79,0,0,134,46,88,7,1,5,1,484,727,94,2,60,28,2,2,17,15,2,9,120,7,43,0,39,4,42,31,1,10,92
Aug-22,0,0,0,0,0,19,10,9,3,3,0,150,40,110,72,30,30,12,23,17,6,22,6,16,0,0,0,4,1,3,293,138,95,43,18,169,38,50,33,48,0,0,184,71,113,9,0,7,2,518,811,74,12,32,25,2,3,13,10,3,8,95,3,44,0,39,5,54,24,4,26,101
Sep-22,0,0,0,0,0,10,9,1,3,3,0,123,32,91,65,18,38,9,35,27,8,24,13,11,2,0,2,11,1,10,273,107,82,25,32,172,47,39,37,47,2,0,189,68,121,5,1,3,1,505,778,98,10,53,34,0,1,5,5,0,7,110,7,50,0,43,7,35,14,2,19,92
Oct-22,0,0,0,0,0,19,14,5,7,7,0,143,34,109,88,29,41,18,32,27,5,40,24,16,3,1,2,4,0,4,336,121,76,45,19,152,40,42,27,42,1,0,240,63,177,2,0,2,0,534,870,85,5,46,31,2,1,8,8,0,4,97,6,46,0,40,6,50,23,7,20,102
Nov-22,0,0,0,0,0,21,14,7,4,4,0,145,42,103,76,29,42,5,20,18,2,34,17,17,1,0,1,3,1,2,304,85,56,29,26,196,49,65,23,56,3,0,201,58,143,9,0,8,1,517,821,97,12,41,36,3,5,7,6,1,8,112,7,28,0,25,3,38,16,9,13,73
Dec-22,2,0,0,0,2,15,13,2,2,2,0,157,35,122,84,29,30,25,29,21,8,28,12,16,0,0,0,3,0,3,320,82,56,26,19,215,62,63,34,55,1,0,172,65,107,6,1,4,1,494,814,90,7,46,27,9,1,9,9,0,9,108,4,16,0,13,3,40,20,3,17,60
Jan-23,0,0,0,0,0,34,29,5,4,4,0,175,44,131,87,40,35,12,49,38,11,31,20,11,0,0,0,3,0,3,383,88,56,32,23,195,45,64,32,54,0,0,145,57,88,8,0,5,3,459,842,85,8,45,26,5,1,5,5,0,23,113,2,16,0,11,5,53,22,8,23,71
Feb-23,0,0,0,0,0,17,12,5,24,24,0,163,38,125,59,21,28,10,35,29,6,17,9,8,1,0,1,2,0,2,318,113,62,51,26,206,46,79,35,44,2,0,172,44,128,2,1,1,0,519,837,61,10,32,19,0,0,7,6,1,8,76,10,27,0,10,17,48,20,3,25,85
Mar-23,0,0,0,0,0,9,7,2,6,6,0,159,47,112,99,36,56,7,45,26,19,48,24,24,2,0,2,7,2,5,375,82,49,33,14,241,34,92,39,74,2,0,173,41,132,3,1,2,0,513,888,162,66,52,31,4,9,30,29,1,15,207,18,36,0,32,4,53,24,11,18,107
Apr-23,0,0,0,0,0,23,21,2,0,0,0,144,41,103,72,23,35,14,44,34,10,24,11,13,0,0,0,2,1,1,309,97,67,30,17,224,47,99,32,45,1,0,181,66,115,5,2,3,0,524,833,92,12,50,24,4,2,10,10,0,6,108,4,37,5,26,6,34,14,3,17,75
May-23,0,0,0,0,0,21,14,7,8,8,0,176,44,132,83,25,47,11,53,37,16,52,23,29,2,0,2,4,0,4,399,103,67,36,20,225,41,97,36,49,2,0,174,59,115,4,1,3,0,526,925,100,12,53,29,5,1,13,13,0,19,132,10,46,0,46,0,43,23,4,16,99
Jun-23,0,0,0,0,0,10,7,3,3,3,0,166,41,125,77,29,42,6,51,37,14,32,20,12,2,1,1,7,0,7,348,74,52,22,13,182,31,80,33,37,1,0,170,61,109,7,1,6,0,446,794,93,6,56,29,0,2,3,3,0,20,116,4,40,0,37,3,65,31,10,24,109
Jul-23,0,0,0,0,0,14,8,6,2,2,0,150,32,118,58,22,29,7,61,43,18,24,18,6,0,0,0,5,0,5,314,51,40,11,24,141,45,32,26,38,0,0,164,62,102,12,1,10,1,392,706,183,52,83,41,2,5,13,10,3,7,203,4,28,0,25,3,54,25,3,26,86
Aug-23,0,0,0,0,0,17,13,4,1,1,0,180,56,124,70,32,35,3,44,34,10,22,14,8,2,0,2,7,0,7,343,42,27,15,14,141,23,60,16,41,1,0,134,55,79,5,0,5,0,336,679,116,7,56,44,5,4,24,4,20,13,153,3,11,0,6,5,47,20,3,24,61
Sep-23,1,1,0,0,0,20,18,2,5,5,0,200,44,156,85,26,30,29,87,65,22,25,17,8,1,0,1,4,0,4,428,76,42,34,25,180,50,66,28,35,1,0,161,75,86,7,0,6,1,449,877,91,1,52,32,6,0,12,12,0,8,111,6,45,0,43,2,72,39,5,28,123